"Accountno:","0000000026791556"
"Customer Name:","MR SAMIN THEJAS"
"Address:","LEELA,NIVAS MANNAM KOLLI,PAZHUPATHUR, SULTHANBATHERY   PAZHUPATHUR WAYANAD KER 673592"


"Transaction Details:"
"Date","Sr.No.","Transaction Details","Reward Point Header","Intl.Amount","Amount(in Rs)","BillingAmountSign"
"0000 XXXX XXXX 1556"
"30-APR-25","1","Auto Dr.Retn-Insuff. fund","0","0.00","0.00","0.00"
"30-MAY-25","2","Autodebit Payment Recd.","0","0.00","-490.00","-490.00"
"30-JUN-25","3","Auto Dr.Retn-Insuff. fund","0","0.00","0.00","0.00"
"01-JUL-25","4","Autodebit Payment Recd.","0","0.00","-71.01","-71.01"
"12-JUL-25","5","Interest Charges","0","0.00","271.66","271.66"
"12-JUL-25","6","IGST-CI@18%","0","0.00","48.90","48.90"
"30-JUL-25","7","Autodebit Payment Recd.","0","0.00","-890.00","-890.00"
"30-MAR-26","8","Autodebit Payment Recd.","0","0.00","-350.00","-350.00"
"4315 XXXX XXXX 3002"
"05-APR-25","9","IND*AMAZON HTTP://WWW.AM IN","102","0.00","2,059.00","2,059.00"
"17-APR-25","10","KERALA STATE BEVERAGES CO WAYANAD IN","13","0.00","1,300.00","1,300.00"
"17-APR-25","11","MYBEE BEAUTY STUDIO WAYANAD IN","19","0.00","1,900.00","1,900.00"
"30-APR-25","12","INFINITY PAYMENT RECEIVED, THANK YOU","0","0.00","-5,059.50","-5,059.50"
"01-MAY-25","13","LIFE STYLE INTERNATION WAYANAD IN","18","0.00","1,849.00","1,849.00"
"03-MAY-25","14","M S PURPLLE KOZHICODE IN","5","0.00","522.00","522.00"
"03-MAY-25","15","MYBEE BEAUTY STUDIO WAYANAD IN","3","0.00","300.00","300.00"
"03-MAY-25","16","HAPPY 7 DAYS HYPERMA WAYANAD IN","3","0.00","301.00","301.00"
"05-MAY-25","17","KARIYATTEL FUELS KALPETTA IN","0","0.00","606.00","606.00"
"06-MAY-25","18","Reversal of fuel Surcharge","0","0.00","-6.00","-6.00"
"07-MAY-25","19","M S MATHEW ASSOCIATES SULTAN BATHE IN","5","0.00","500.00","500.00"
"09-MAY-25","20","STAR PETRO PARK WAYANAD IN","0","0.00","1,214.16","1,214.16"
"10-MAY-25","21","Reversal of Fuel Surcharge","0","0.00","-12.01","-12.01"
"10-MAY-25","22","IGST-Rev-CI@18%","0","0.00","-2.16","-2.16"
"10-MAY-25","23","ZUDIO A UNIT OF TRENT WAYANAD IN","24","0.00","2,443.00","2,443.00"
"11-MAY-25","24","UNICORN PETROLIUM KOZHIKODE IN","0","0.00","1,515.00","1,515.00"
"11-MAY-25","25","GRANDE IRIS Kalpetta IN","4","0.00","472.00","472.00"
"12-MAY-25","26","Reversal of fuel Surcharge","0","0.00","-15.00","-15.00"
"16-MAY-25","27","KERALA VISION BROAD BA BANGALORE IN","8","0.00","841.07","841.07"
"31-MAY-25","28","INFINITY PAYMENT RECEIVED, THANK YOU","0","0.00","-10,038.06","-10,038.06"
"10-JUN-25","29","ENGAPUZHA FUELS KOZHIKODE IN","0","0.00","2,023.60","2,023.60"
"11-JUN-25","30","IGST-Rev-CI@18%","0","0.00","-3.60","-3.60"
"11-JUN-25","31","Reversal of Fuel Surcharge","0","0.00","-20.01","-20.01"
"17-JUN-25","32","PALAKKAD FUELS WAYANAD IN","0","0.00","1,616.00","1,616.00"
"18-JUN-25","33","Reversal of fuel Surcharge","0","0.00","-16.00","-16.00"
"21-JUN-25","34","BALAJI PETROLEUM AGENC WAYANAD IN","0","0.00","1,112.98","1,112.98"
"24-JUN-25","35","Reversal of Fuel Surcharge","0","0.00","-11.01","-11.01"
"24-JUN-25","36","IGST-Rev-CI@18%","0","0.00","-1.98","-1.98"
"05-JUL-25","37","MYBEE BEAUTY STUDIO WAYANAD IN","3","0.00","300.00","300.00"
"05-JUL-25","38","GEETHANJALI ENTERPRISE WAYANAD IN","0","0.00","2,023.60","2,023.60"
"05-JUL-25","39","LIFE STYLE INTERNATION WAYANAD IN","16","0.00","1,648.00","1,648.00"
"05-JUL-25","40","DREAMZONE Kalpetta IN","34","0.00","3,490.00","3,490.00"
"05-JUL-25","41","AL FARDAN DATES AND NUT Kalpetta IN","20","0.00","2,090.00","2,090.00"
"06-JUL-25","42","RMP TRADING COMPANY KANNUR IN","0","0.00","1,013.92","1,013.92"
"07-JUL-25","43","Reversal of Fuel Surcharge","0","0.00","-20.01","-20.01"
"07-JUL-25","44","Reversal of fuel Surcharge","0","0.00","-10.04","-10.04"
"07-JUL-25","45","IGST-Rev-CI@18%","0","0.00","-3.60","-3.60"
"08-JUL-25","46","KUTTANAD FUELS KOZHIKODE IN","0","0.00","1,214.16","1,214.16"
"09-JUL-25","47","Reversal of Fuel Surcharge","0","0.00","-12.01","-12.01"
"09-JUL-25","48","IGST-Rev-CI@18%","0","0.00","-2.16","-2.16"
"30-JUL-25","49","INFINITY PAYMENT RECEIVED, THANK YOU","0","0.00","-15,791.39","-15,791.39"
"01-AUG-25","50","IND*AMAZON HTTP://WWW.AM IN","44","0.00","890.00","890.00"
"30-AUG-25","51","INFINITY PAYMENT RECEIVED, THANK YOU","0","0.00","-890.00","-890.00"
"21-JAN-26","52","AMAZON PAY IN E COMMERC BANGALORE IN","11","0.00","224.00","224.00"
"04-FEB-26","53","AMAZON PAY IN E COMMERC BANGALORE IN","56","0.00","1,137.00","1,137.00"
"20-FEB-26","54","INFINITY PAYMENT RECEIVED, THANK YOU","0","0.00","-1,361.00","-1,361.00"
"07-MAR-26","55","ENGAPUZHA FUELS KOZHIKODE IN","0","0.00","2,023.60","2,023.60"
"08-MAR-26","56","KATSU KOZHIKODE IN","17","0.00","1,722.00","1,722.00"
"08-MAR-26","57","EASYBUY KOZHIKODE IN","8","0.00","806.90","806.90"
"08-MAR-26","58","BON VOYAGE MAHE IN","0","0.00","2,331.08","2,331.08"
"08-MAR-26","59","Reversal of fuel Surcharge","0","0.00","-20.03","-20.03"
"09-MAR-26","60","Reversal of fuel Surcharge","0","0.00","-23.08","-23.08"
"20-MAR-26","61","DILPOT RESTAURANT PRIVATE WAYANAD IN","5","0.00","546.00","546.00"
"20-MAR-26","62","MAKEMYTRIP INDIA PVT L NEW DELHI IN","90","0.00","9,036.00","9,036.00"
"20-MAR-26","63","Ajfan International Retai WAYANAD IN","5","0.00","532.00","532.00"


"MESSAGE Details:"
"SRNO,LAST_UPD_DT,MESSAGE"
"1","2018-07-05 00:00:00.0","Safe Banking Tips - Do not transact if you find any suspicious device attached to the ATM. Do not take help from strangers at an ATM."
"2","2018-07-05 00:00:00.0","ICICI Bank Credit Cards Goods and Services Tax Identification Number (GSTIN) is 27AAACI1195H3ZK"
"3","2018-07-05 00:00:00.0","HSN Code for service: 9971 - Financial and related services"
"4","2018-07-05 00:00:00.0","Our registered office address : ICICI Bank Tower, Bandra Kurla Complex, MUMBAI, Mumbai Suburban, Maharashtra - 400051"
"5","2018-07-05 00:00:00.0","Making only minimum payment every month can lead to repayment stretching over years with consequent interest payment on outstanding balance"
"6","2018-07-05 00:00:00.0","Please pay your credit card outstanding before the payment due date to avoid penal fees and interest charges."
"7","2018-07-05 00:00:00.0","For payments made through cheque, we request you to make the payment atleast 3 working days before the due date incase of an ICICI Bank cheque and 5 working days before the due date for Non-ICICI Bank cheques."
"8","2018-07-05 00:00:00.0","For any clarification or more information, you may contact us through the 'Get in Touch' option at www.icicibank.com"
"9","2018-07-05 00:00:00.0","* Mark-up fee and corresponding GST levied is included in the transaction amount displayed"
