"Accountno:","0000000022267434"
"Customer Name:","MR SAMIN THEJAS"
"Address:","LEELA NIVAS MANNAM KOLLI PAZHUPATHUR SULTHANBATHERY PAZHUPATHUR WAYANAD KER 673592"


"Transaction Details:"
"Date","Sr.No.","Transaction Details","Reward Point Header","Intl.Amount","Amount(in Rs)","BillingAmountSign"
"4035XXXXXXXX8009"
"02/08/2026","13900412856","INFINITY PAYMENT RECEIVED THANK YOU","0","0","23445.84","CR"
"4035XXXXXXXX3007"
"25/07/2026","13856659042","SPLICE.COM* SPLICE-PLA SPLICE.COM US*","25","12.99","1307.90",""
"28/07/2026","13873192875","GOOGLE PLAY APP CYBS SI MUMBAI IN","2","0","119.00",""
"03/08/2026","13911108558","GOOGLE WORKSPACE CYBS SI MUMBAI IN","4","0","228.19",""
"17/08/2026","13993201527","ANOMALY ANOMA.LY US","9","0","497.17",""
"17/08/2026","13993276404","DCC Fee","0","0","17.40",""
"17/08/2026","13993276412","IGST-CI@18%","0","0","3.13",""
"15/08/2026","14000630489","RAZ*Hostinger Mumbai MH IN","23","0","1178.82",""
"19/08/2026","14013257072","GOOGLE PLAY CONTENT PU MUMBAI IN","4","0","210.00",""
